label,label,nuclei_area,nuclei_i,nuclei_j,nuclei_bounds,foci_count,foci_area,nucleus_number_neighbors_1,nucleus_percent_touching_1,nucleus_first_neighbor_distance,nucleus_second_neighbor_distance,nucleus_angle_between_neighbors
1,1,106.0,1.830188679245283,127.70754716981132,"(0, 116, 5, 140)",0,0,0,0.0,45.80663203337855,96.91540242271414,44.837325662691136
2,2,557.0,7.649910233393178,232.2226211849192,"(0, 213, 20, 251)",0,0,0,0.0,79.72849914115885,104.67697863117417,64.96106875723079
3,3,1348.0,22.733679525222552,1236.7069732937684,"(0, 1218, 49, 1257)",2,31,0,0.0,79.17191208748997,124.9742783882091,106.04047150078142
4,4,620.0,6.880645161290323,1393.291935483871,"(0, 1367, 18, 1415)",0,0,0,0.0,108.86374651810738,142.94757934787356,21.598137473591454
5,5,1526.0,47.22935779816514,121.61140235910878,"(22, 102, 73, 142)",1,13,0,0.0,45.80663203337855,72.07515719261075,108.53975172413227
6,6,2042.0,45.83839373163565,1160.9813907933399,"(22, 1129, 70, 1191)",2,14,0,0.0,79.17191208748997,131.8673581157634,148.37310654268657
7,7,1359.0,51.03679175864606,1529.2487122884475,"(30, 1510, 73, 1551)",1,16,0,0.0,57.852787853631874,142.94757934787356,43.84078829751391
8,8,2032.0,60.84842519685039,50.83464566929134,"(33, 28, 90, 74)",0,0,0,0.0,60.9746934836332,72.07515719261075,143.87048729795347
9,9,1493.0,65.09778968519758,322.1560616208975,"(38, 304, 92, 341)",0,0,0,0.0,84.5681939681891,106.71589648295472,152.84696317823256
10,10,3150.0,77.89777777777778,194.51492063492063,"(46, 158, 105, 238)",2,10,0,0.0,79.09156061829565,79.72849914115885,95.4109510570895
11,11,1463.0,76.25974025974025,1477.183868762816,"(56, 1454, 96, 1501)",0,0,0,0.0,57.852787853631874,104.92565880716036,156.95720030886991
12,12,1553.0,83.60656793303284,564.6381197681906,"(58, 546, 110, 585)",1,5,0,0.0,75.43739965953512,97.75216077595948,127.29007648885404
13,13,810.0,105.45802469135802,9.266666666666667,"(80, 0, 128, 24)",0,0,0,0.0,60.9746934836332,126.13878253465724,79.65422849274553
14,14,1351.0,104.64100666173205,637.0836417468541,"(85, 612, 127, 662)",3,28,0,0.0,65.70943824836156,75.43739965953512,90.11460645275251
15,15,1652.0,107.71549636803874,460.6277239709443,"(87, 429, 127, 491)",0,0,0,0.0,42.52110755274589,100.54435139442391,109.15856384172955
16,16,1661.0,127.5364238410596,1304.7874774232391,"(106, 1275, 147, 1333)",0,0,0,0.0,103.14416854995721,107.07471106537588,71.14883825526672
17,17,1379.0,138.13052936910805,364.79405366207396,"(114, 345, 162, 383)",0,0,0,0.0,84.5681939681891,95.09275599775812,75.76914799471038
18,18,1318.0,144.74506828528072,1073.7663125948407,"(120, 1055, 168, 1095)",1,25,0,0.0,131.8673581157634,181.90388463086526,86.00318977724962
19,19,1430.0,141.77832167832167,486.079020979021,"(126, 459, 157, 512)",1,5,0,0.0,42.52110755274589,87.98465901467469,166.93911411166525
20,20,1692.0,155.31678486997635,1408.1956264775413,"(134, 1383, 179, 1434)",1,15,0,0.0,42.501648600296065,97.06854783225631,21.51028124033672
21,21,1990.0,167.78090452261307,618.8879396984925,"(138, 595, 196, 646)",1,19,1,0.09345794392523364,44.81154813279691,65.70943824836156,155.5382211137128
22,22,1814.0,164.4156560088203,273.40628445424477,"(140, 250, 191, 300)",2,8,0,0.0,95.09275599775812,110.63715173880466,47.809675956563794
23,23,1479.0,178.23732251521298,818.7505070993915,"(149, 800, 204, 837)",7,74,0,0.0,63.432966808519964,112.75387034256383,39.563469485131954
24,24,1414.0,173.478783592645,115.4936350777935,"(151, 95, 198, 136)",0,0,0,0.0,83.02765107426802,124.01649988482463,103.42896440598444
25,25,1018.0,179.46463654223967,1443.1709233791748,"(159, 1426, 201, 1459)",0,0,0,0.0,42.501648600296065,59.60053779263324,143.33216576263277
26,26,1041.0,201.83669548511048,589.7627281460135,"(185, 567, 219, 615)",1,7,1,0.125,44.81154813279691,71.32083394132337,147.24408653795112
27,27,1457.0,206.40356897735072,707.8689087165409,"(186, 678, 227, 737)",1,13,1,0.1326530612244898,45.73806147489369,65.32365944235752,71.44355377114854
28,28,1937.0,227.21011874032007,778.4341765616933,"(199, 752, 254, 804)",0,0,0,0.0,63.432966808519964,73.56880819407792,113.0341168633458
29,29,1437.0,217.7919276270007,663.571329157968,"(200, 638, 236, 692)",0,0,1,0.13812154696132597,45.73806147489369,66.76449263008661,68.05633625279398
30,30,1955.0,230.45217391304348,1311.6480818414323,"(204, 1287, 258, 1338)",1,6,0,0.0,94.75369867860093,96.62803842786693,109.13111100671358
31,31,1027.0,219.67867575462512,1521.207400194742,"(204, 1503, 240, 1540)",0,0,0,0.0,61.11433363347655,77.02528912806953,133.70475059468237
32,32,3024.0,239.79728835978835,165.448082010582,"(205, 135, 270, 203)",0,0,0,0.0,83.02765107426802,114.69475772236501,155.49295230085207
33,33,1457.0,222.33905284831846,521.452299245024,"(207, 491, 243, 550)",1,4,1,0.16666666666666666,35.22236140742075,67.55518128219687,25.66916198943823
34,34,1800.0,235.91555555555556,1462.2894444444444,"(212, 1436, 258, 1491)",0,0,0,0.0,59.60053779263324,61.11433363347655,93.30257558938364
35,35,2225.0,244.5532584269663,457.6539325842697,"(215, 431, 275, 486)",0,0,1,0.13333333333333333,38.923852113641146,67.55518128219687,23.077822659299063
36,36,2074.0,255.25120540019287,1218.2565091610415,"(222, 1197, 291, 1240)",3,42,0,0.0,96.62803842786693,141.12755578304262,97.97334697636326
37,37,1181.0,247.18712955122777,496.4885690093141,"(225, 479, 273, 512)",3,27,2,0.379746835443038,35.22236140742075,38.923852113641146,131.25301535126272
38,38,1475.0,259.22033898305085,1587.3084745762712,"(238, 1565, 281, 1610)",2,15,0,0.0,77.02528912806953,127.17260249639108,20.32855818136997
39,39,1670.0,271.5568862275449,703.1544910179641,"(252, 674, 292, 734)",0,0,0,0.0,65.32365944235752,66.76449263008661,40.50010997605747
40,40,2166.0,287.00507848568793,352.0023084025854,"(266, 322, 311, 383)",2,18,0,0.0,112.16027981176045,113.86141892022044,101.29776295748553
41,41,1336.0,290.99101796407183,818.9491017964071,"(276, 789, 307, 847)",2,18,0,0.0,41.785612881576384,50.06915562074252,35.09546797608483
42,42,1753.0,309.00456360524817,1364.6366229321163,"(281, 1344, 337, 1385)",1,24,0,0.0,30.9237898063798,94.75369867860093,150.2208765938269
43,43,1621.0,316.99629858112274,756.0074028377545,"(289, 729, 342, 780)",1,14,0,0.0,57.23364991908886,68.10236477372294,37.70472106054962
44,44,1451.0,317.9503790489318,652.9786354238456,"(303, 621, 334, 685)",1,26,0,0.0,67.22451051758739,68.33719822153897,157.9494453778202
45,45,1383.0,334.586406362979,1094.469269703543,"(313, 1070, 354, 1117)",1,11,0,0.0,130.73079567415422,138.8502350556234,47.46920618366292
46,46,1300.0,336.57307692307694,839.6661538461539,"(314, 818, 360, 861)",0,0,2,0.5085714285714286,28.798442982351954,30.205119466389935,125.55730931126122
47,47,763.0,332.0563564875491,811.2241153342071,"(315, 798, 355, 827)",0,0,1,0.3007518796992481,28.798442982351954,41.785612881576384,88.36980559910984
48,48,66.0,322.6666666666667,1392.378787878788,"(318, 1388, 328, 1397)",0,0,0,0.0,30.9237898063798,89.5994047301578,169.93966161893434
49,49,3007.0,351.7811772530762,190.23711340206185,"(327, 150, 377, 229)",2,38,0,0.0,114.69475772236501,133.9618759638454,152.18639835448877
50,50,1614.0,347.6016109045849,1478.4386617100372,"(331, 1448, 366, 1511)",6,79,0,0.0,89.5994047301578,110.17398745606002,69.79365571794612
51,51,1034.0,363.59671179883946,853.1595744680851,"(342, 831, 383, 871)",0,0,1,0.3141025641025641,30.205119466389935,52.472628540331314,26.518728024809988
52,52,1967.0,372.51703101169295,521.0,"(344, 493, 400, 547)",1,27,0,0.0,98.87123190090263,103.55348809666893,101.22326602687849
53,53,1888.0,378.78072033898303,624.363877118644,"(358, 597, 399, 655)",0,0,0,0.0,55.45931313921106,67.22451051758739,155.3014679872229
54,54,1401.0,388.91434689507497,726.2112776588151,"(365, 703, 412, 753)",0,0,0,0.0,77.84609655574899,101.97501959393526,68.40592366863982
55,55,1788.0,397.2539149888143,372.62080536912754,"(373, 351, 424, 396)",0,0,0,0.0,112.16027981176045,136.8691884886869,136.41755515314617
56,56,1752.0,395.35730593607303,1235.2054794520548,"(377, 1206, 414, 1267)",1,19,0,0.0,99.60358335179771,141.12755578304262,140.77342816398783
57,57,1744.0,415.79128440366975,992.0177752293578,"(389, 971, 442, 1017)",2,36,0,0.0,69.96125618372879,106.63601747419479,89.04418593963817
58,58,1559.0,434.2379730596536,623.8858242463117,"(410, 598, 457, 650)",0,0,0,0.0,55.45931313921106,99.88127159351016,144.0319399344566
59,59,1852.0,436.3201943844492,1413.1139308855293,"(410, 1392, 464, 1434)",1,16,0,0.0,89.25071338733247,109.76026212187607,28.96632824444956
60,60,1318.0,444.4742033383915,1796.902124430956,"(422, 1779, 467, 1816)",0,0,0,0.0,124.17704660821614,241.83800306195894,17.765948449535937
61,61,1415.0,447.2939929328622,929.5505300353357,"(424, 911, 471, 949)",0,0,0,0.0,69.96125618372879,91.80215435998244,166.8584339566672
62,62,1424.0,468.1558988764045,495.92556179775283,"(442, 480, 496, 512)",0,0,0,0.0,82.82679260254956,98.87123190090263,109.38874942539071
63,63,1670.0,464.3922155688623,1307.0041916167665,"(442, 1283, 490, 1331)",0,0,0,0.0,53.58692622961339,99.60358335179771,175.07175893892793
64,64,2220.0,468.91261261261263,840.3301801801802,"(444, 813, 494, 873)",0,0,0,0.0,91.20174686666164,91.80215435998244,116.05092116323645
65,65,1545.0,461.12750809061487,1555.6381877022654,"(445, 1526, 480, 1589)",2,39,0,0.0,129.26088880955731,137.28764017681186,137.31312591386543
66,66,1603.0,473.07610729881475,1084.4697442295696,"(452, 1063, 502, 1113)",1,14,0,0.0,60.14754070323585,88.3771865811036,70.77629548292641
67,67,1265.0,480.9754940711463,154.81660079051383,"(457, 139, 505, 172)",0,0,0,0.0,80.94070175405123,104.00553429612246,66.97692161722236
68,68,1654.0,488.2285368802902,258.5689238210399,"(463, 238, 512, 282)",0,0,1,0.09782608695652174,46.15464332891946,63.48029498300382,75.49290219477012
69,69,1140.0,490.41754385964913,1681.536842105263,"(471, 1664, 512, 1703)",3,37,0,0.0,124.17704660821614,129.26088880955731,145.18869623448967
70,70,1331.0,498.0773854244929,1348.679939894816,"(481, 1318, 512, 1375)",3,42,0,0.0,53.58692622961339,89.25071338733247,97.26769374703777
71,71,1363.0,512.0557593543654,298.0975788701394,"(494, 270, 530, 322)",0,0,1,0.10869565217391304,46.15464332891946,68.49900895622682,63.790565393851914
72,72,1818.0,514.5676567656766,564.5275027502751,"(496, 535, 537, 598)",0,0,0,0.0,55.967819427640976,82.82679260254956,144.7204474108406
73,73,1128.0,511.7925531914894,1038.4397163120568,"(497, 1015, 529, 1060)",0,0,0,0.0,60.14754070323585,71.24892787504903,172.4536821754002
74,74,1730.0,540.6173410404624,1219.6971098265897,"(519, 1195, 562, 1247)",0,0,0,0.0,104.86655316605464,115.89994082775804,147.12920472207884
75,75,2112.0,551.1325757575758,399.7859848484849,"(526, 372, 577, 430)",0,0,1,0.1111111111111111,51.00556123582875,104.86282026086313,83.64345620242314
76,76,644.0,549.0714285714286,240.4611801242236,"(530, 224, 567, 254)",1,11,0,0.0,59.856284000045314,63.48029498300382,114.66415804337589
77,77,1651.0,555.6692913385826,1115.916414294367,"(531, 1090, 578, 1140)",2,32,0,0.0,88.3771865811036,89.03823269062964,39.6322629180476
78,78,1826.0,557.9764512595838,820.6987951807229,"(535, 788, 578, 848)",12,214,1,0.1291866028708134,54.48808178793533,91.20174686666164,148.05873425131765
79,79,1856.0,566.9428879310345,584.2564655172414,"(538, 563, 596, 608)",1,11,0,0.0,55.967819427640976,74.06644365437542,88.41113181964694
80,80,638.0,557.4952978056426,181.20062695924764,"(543, 167, 574, 196)",1,31,0,0.0,59.856284000045314,80.94070175405123,100.93381695680745
81,81,2249.0,576.1418408181414,712.2227656736327,"(546, 682, 605, 740)",1,13,0,0.0,73.37701055550986,101.92291772724235,89.67044777438306
82,82,1305.0,564.4183908045977,990.4091954022989,"(547, 964, 584, 1021)",0,0,0,0.0,71.24892787504903,72.56847665958597,161.31193784319166
83,83,2248.0,586.7508896797153,436.2949288256228,"(559, 408, 612, 467)",0,0,1,0.10909090909090909,51.00556123582875,78.07449073593332,138.9153227846725
84,84,943.0,591.1198303287381,514.2470837751856,"(566, 494, 611, 529)",0,0,0,0.0,66.06353989785852,74.06644365437542,69.47171236174218
85,85,2110.0,596.9255924170616,782.5947867298578,"(567, 758, 625, 808)",16,223,1,0.1320754716981132,54.48808178793533,73.37701055550986,117.91755720878352
86,86,1791.0,599.5181462869905,926.893914014517,"(575, 903, 624, 952)",0,0,0,0.0,72.56847665958597,87.28040900844611,80.25685004269194
87,87,1455.0,629.9147766323024,281.62817869415807,"(607, 260, 653, 302)",0,0,1,0.09770114942528736,50.731351278903105,53.833270152769,130.77611126374907
88,88,1577.0,633.8376664552949,335.3183259353202,"(611, 314, 657, 359)",0,0,0,0.0,53.833270152769,77.48121656776807,151.4734496128537
89,89,2251.0,642.037316748112,556.3398489560195,"(617, 531, 672, 591)",0,0,0,0.0,58.22699397562443,66.06353989785852,143.04622473770226
90,90,1934.0,665.8154084798346,245.78386763185108,"(635, 225, 696, 265)",0,0,1,0.08374384236453201,50.731351278903105,83.2894597617705,91.7742910247563
91,91,2672.0,667.6639221556886,981.4285179640718,"(644, 950, 698, 1018)",9,128,0,0.0,87.28040900844611,103.63538156063582,43.64031233284817
92,92,1432.0,674.0551675977654,683.9162011173185,"(653, 661, 695, 707)",0,0,0,0.0,92.05678670924289,99.19436163787957,54.39910855058613
93,93,1569.0,675.7023581899299,400.5156150414277,"(657, 375, 698, 431)",1,17,1,0.164021164021164,40.96638414861655,77.48121656776807,108.20270058191326
94,94,997.0,677.9237713139419,496.4643931795386,"(660, 480, 698, 512)",0,0,0,0.0,66.39321258654132,69.80621624000757,50.5434648267025
95,95,1142.0,700.2031523642733,559.007880910683,"(680, 539, 719, 580)",0,0,0,0.0,58.22699397562443,66.39321258654132,67.76668820973647
96,96,1376.0,715.3633720930233,390.25654069767444,"(693, 371, 741, 414)",1,10,1,0.17777777777777778,40.96638414861655,79.73319342361094,159.0005107304153
97,97,1933.0,726.4604242110709,302.87428867046043,"(702, 272, 749, 332)",0,0,0,0.0,72.83306041296665,83.2894597617705,153.31734619195387
98,98,2215.0,733.3620767494357,1167.2948081264108,"(702, 1146, 768, 1189)",0,0,0,0.0,106.2673640117131,116.9745537607473,101.72569148184112
99,99,2547.0,743.0212014134275,875.5119748723989,"(712, 852, 777, 900)",1,17,0,0.0,93.68365867506746,129.98859041323223,167.17884725904707
100,100,1623.0,750.1515711645102,735.7215033887862,"(730, 712, 773, 760)",0,0,0,0.0,60.63062821756734,87.49105011940718,102.70225135314871
101,101,2236.0,767.1766547406082,649.7415026833631,"(741, 623, 792, 682)",2,18,0,0.0,56.50617318324587,87.64938101365964,71.0258464983035
102,102,2025.0,767.6345679012346,455.6592592592593,"(743, 430, 794, 482)",1,20,0,0.0,62.491115986467136,83.7245095922708,64.18017432605326
103,103,2038.0,779.0382728164867,789.0284592737978,"(752, 766, 807, 815)",2,13,0,0.0,60.63062821756734,81.44438605256751,82.94519631633119
104,104,1881.0,789.377990430622,1257.5996810207337,"(760, 1237, 819, 1282)",0,0,0,0.0,106.2673640117131,173.28658602496387,41.372248406856386
105,105,1796.0,792.869153674833,1048.1113585746102,"(770, 1024, 817, 1074)",9,113,1,0.1736842105263158,46.15509489845706,133.21331334094103,59.75996778011535
106,106,1514.0,794.5845442536328,399.278071334214,"(772, 377, 820, 425)",0,0,0,0.0,62.491115986467136,75.62941562607978,155.72356643565175
107,107,1662.0,796.2623345367027,323.6672683513839,"(773, 300, 819, 348)",1,4,0,0.0,72.00353918425893,72.83306041296665,119.20096652398867
108,108,1721.0,816.0261475886113,678.1435212085996,"(793, 655, 840, 703)",1,18,0,0.0,56.50617318324587,59.725525542923215,113.32441601361705
109,109,1894.0,818.1605068637804,1086.7201689545934,"(797, 1058, 841, 1116)",5,84,1,0.165,46.15509489845706,116.9745537607473,100.30944702044914
110,110,2113.0,831.0629436819688,1994.7292948414577,"(804, 1969, 857, 2023)",0,0,0,0.0,134.7216889924995,401.11805580865376,11.57984945941896
111,111,1644.0,845.3369829683699,741.7244525547445,"(818, 722, 875, 762)",0,0,0,0.0,70.01185543536536,81.44438605256751,100.75806603100996
112,112,1305.0,847.8727969348658,273.45900383141765,"(827, 251, 869, 297)",0,0,1,0.18023255813953487,42.2428100642425,72.00353918425893,128.75228084825966
113,113,1875.0,864.0362666666666,642.6165333333333,"(835, 622, 894, 664)",1,4,0,0.0,59.725525542923215,92.23235623144876,138.71108963099914
114,114,1746.0,876.262313860252,392.35681557846505,"(848, 372, 904, 418)",0,0,0,0.0,81.97049364953502,83.94416446458105,160.3135655106089
115,115,2288.0,890.2185314685315,954.9938811188811,"(856, 934, 929, 973)",8,114,0,0.0,116.26356655092397,134.71364431466648,155.72301343031717
116,116,1866.0,889.7974276527331,278.6339764201501,"(865, 252, 919, 302)",1,21,1,0.15196078431372548,42.2428100642425,100.83988884220773,135.57903297544232
117,117,2027.0,948.2496299950666,798.4977799703996,"(918, 778, 973, 825)",5,36,0,0.0,77.60996252233655,81.02093774273004,108.99881084045253
118,118,2320.0,963.5237068965517,2019.3073275862068,"(928, 1998, 999, 2042)",0,0,0,0.0,134.7216889924995,270.4937452757786,162.68230677361294
119,119,1400.0,952.63,357.5057142857143,"(932, 337, 973, 379)",1,16,0,0.0,72.9177146806876,83.94416446458105,126.18022499060201
120,120,1566.0,954.2624521072797,546.7100893997446,"(934, 523, 973, 571)",0,0,0,0.0,103.43153172839179,103.61845691572805,149.01531092343373
121,121,1567.0,955.8806636885769,1180.9521378430122,"(935, 1156, 973, 1206)",1,13,0,0.0,92.20891193458735,102.17228283753289,42.41697756112721
122,122,902.0,955.9467849223947,650.3148558758315,"(940, 632, 973, 669)",0,0,0,0.0,71.22024306385136,92.23235623144876,96.45412976513225
123,123,903.0,958.0177187153931,721.5049833887043,"(941, 705, 973, 738)",0,0,0,0.0,71.22024306385136,77.60996252233655,171.10322929168885
124,124,1563.0,999.8470889315419,916.2795905310301,"(972, 896, 1029, 938)",1,15,0,0.0,84.64069232908021,101.64118415068256,93.34641279387316
125,125,1528.0,1006.0615183246073,457.1839005235602,"(983, 434, 1031, 479)",0,0,1,0.24175824175824176,35.52692913636171,64.80693625574334,14.209016483891707
126,126,1772.0,1012.2262979683973,1301.7454853273139,"(990, 1272, 1033, 1330)",0,0,0,0.0,105.75244853778905,124.27715931016536,99.96383886657011
127,127,1473.0,1020.928038017651,834.306177868296,"(994, 816, 1045, 859)",2,38,0,0.0,81.02093774273004,84.64069232908021,101.80717555431929
128,128,1655.0,1020.0755287009064,424.5377643504532,"(995, 402, 1044, 448)",0,0,2,0.3027027027027027,31.59421088630183,35.52692913636171,149.76854484842738
129,129,257.0,1016.2256809338521,393.17898832684824,"(1009, 384, 1025, 403)",0,0,1,0.18181818181818182,31.59421088630183,64.80693625574334,16.022438667680888
130,130,1279.0,1036.725566849101,1136.6059421422988,"(1014, 1115, 1060, 1155)",1,16,0,0.0,70.93067512228754,72.83243136033583,136.5827172107329
131,131,1664.0,1051.9627403846155,246.87560096153845,"(1028, 219, 1077, 275)",0,0,1,0.2669902912621359,34.41709094600531,72.40393778343294,51.31361744436495
132,132,1421.0,1060.9838142153412,1009.6446164672766,"(1029, 991, 1088, 1027)",4,52,0,0.0,63.71048599315195,66.34401169246942,54.12119811222551
133,133,1515.0,1055.1584158415842,1205.0996699669968,"(1037, 1181, 1074, 1232)",0,0,0,0.0,48.863974608790855,70.93067512228754,83.0238577677575
134,134,1706.0,1071.3159437280187,1072.5117233294256,"(1049, 1045, 1094, 1096)",2,16,0,0.0,59.21249527538856,63.71048599315195,65.20930226895067
135,135,1570.0,1070.5617834394905,275.8343949044586,"(1051, 245, 1088, 304)",0,0,1,0.291005291005291,34.41709094600531,57.547070877333724,100.85703242582547
136,136,1956.0,1090.1073619631902,620.709100204499,"(1063, 599, 1119, 644)",3,35,0,0.0,66.19770504687693,111.0311665335149,15.656001782019375
137,137,1055.0,1104.368720379147,496.68056872037914,"(1080, 481, 1129, 512)",0,0,0,0.0,104.61259638649332,105.94476284574753,170.14575764941944
138,138,1038.0,1096.6396917148363,947.2976878612717,"(1081, 928, 1113, 971)",3,52,0,0.0,71.82256683564903,77.39811848628673,148.16464988536364
139,139,1229.0,1106.3767290480066,347.2351505288853,"(1082, 331, 1130, 364)",2,26,0,0.0,79.87977361435168,94.47536489253568,37.372889992045685
140,140,989.0,1100.4519716885743,1186.7644084934277,"(1082, 1172, 1124, 1205)",2,20,0,0.0,48.863974608790855,62.007273072726264,142.60078666982508
141,141,2031.0,1115.3589364844904,1371.0886262924669,"(1092, 1343, 1142, 1401)",1,4,0,0.0,103.36448913563056,124.27715931016536,108.50355829845701
142,142,920.0,1120.333695652174,1039.2945652173912,"(1102, 1025, 1140, 1059)",3,29,0,0.0,59.21249527538856,66.34401169246942,60.66949961882384
143,143,1310.0,1123.973282442748,254.41297709923663,"(1108, 226, 1141, 278)",0,0,1,0.21686746987951808,39.730884364896,57.547070877333724,139.6073529694955
144,144,997.0,1139.7592778335004,184.00300902708125,"(1119, 162, 1159, 205)",1,24,1,0.20496894409937888,35.35416243198882,72.15789114434257,17.041756168850043
145,145,1460.0,1142.4746575342465,219.2527397260274,"(1119, 199, 1165, 240)",5,101,2,0.3953488372093023,35.35416243198882,39.730884364896,147.84163484566525
146,146,1289.0,1155.9006982156711,613.4034134988364,"(1136, 593, 1177, 635)",1,16,0,0.0,50.551169776024835,66.19770504687693,143.64930656791307
147,147,2498.0,1160.244195356285,1203.1897518014412,"(1136, 1168, 1183, 1237)",1,6,1,0.013043478260869565,60.74520623722754,62.007273072726264,88.93099860399204
148,148,1643.0,1164.7230675593426,910.485696895922,"(1138, 886, 1190, 933)",0,0,0,0.0,77.39811848628673,106.13508489896441,86.6830190466162
149,149,1383.0,1154.7353579175706,1521.23571945047,"(1138, 1495, 1174, 1549)",2,25,0,0.0,41.65853062779588,81.34399205986706,32.42682504011411
150,150,1661.0,1175.2396146899457,1144.3245033112582,"(1153, 1118, 1200, 1168)",1,19,1,0.015625,60.74520623722754,85.99033141913172,46.13465398753229
151,151,1475.0,1196.0081355932202,1515.579661016949,"(1175, 1493, 1217, 1539)",1,18,0,0.0,41.65853062779588,51.29989891404187,121.75963893640726
152,152,1394.0,1199.6728837876615,638.6901004304161,"(1179, 615, 1224, 667)",0,0,0,0.0,50.551169776024835,79.74070696653479,165.9324006381495
153,153,1580.0,1197.2746835443038,1308.0487341772152,"(1179, 1282, 1217, 1338)",2,42,0,0.0,94.74409545757132,103.36448913563056,145.56440041080597
154,154,2000.0,1216.838,1468.699,"(1182, 1446, 1246, 1498)",0,0,0,0.0,51.29989891404187,81.34399205986706,25.813536023478626
155,155,2443.0,1209.7912402783463,2384.643061809251,"(1184, 2354, 1236, 2419)",3,28,0,0.0,111.17207842871376,239.1626879164763,10.018408989100775
156,156,1095.0,1206.682191780822,518.4922374429224,"(1185, 504, 1229, 535)",1,7,0,0.0,104.61259638649332,107.6424239276697,73.88576532614866
157,157,1904.0,1202.732668067227,2145.5845588235293,"(1187, 2113, 1224, 2182)",0,0,0,0.0,131.1199263203079,239.1626879164763,8.4819939980588
158,158,4128.0,1233.0651647286822,810.0140503875969,"(1191, 771, 1270, 854)",8,85,0,0.0,64.1270603480106,99.24906755628223,30.197942977629005
159,159,1816.0,1226.5264317180618,1217.933370044053,"(1201, 1194, 1255, 1241)",0,0,0,0.0,67.90220273306542,89.7140059442325,42.59269802225855
160,160,1552.0,1225.8917525773195,2274.6430412371133,"(1201, 2255, 1250, 2296)",0,0,0,0.0,111.17207842871376,131.1199263203079,161.4995970128404
161,161,67.0,1209.7164179104477,1006.6119402985074,"(1206, 1002, 1215, 1012)",0,0,0,0.0,41.448602032263224,95.17050493660396,167.53318445311913
162,162,979.0,1228.6424923391216,1880.3748723186925,"(1210, 1863, 1248, 1895)",1,6,0,0.0,209.780926696168,266.4723190310661,58.912468827598225
163,163,2714.0,1250.7991893883566,1001.117170228445,"(1216, 972, 1282, 1033)",8,127,0,0.0,41.448602032263224,90.31138770117285,156.615793028456
164,164,2383.0,1256.8195551825431,1395.750734368443,"(1231, 1363, 1288, 1426)",4,28,0,0.0,83.18638237997214,106.00581387809127,117.09932732209249
165,165,1009.0,1276.3448959365708,660.5986124876115,"(1260, 642, 1296, 680)",1,16,0,0.0,75.94702712942835,79.74070696653479,139.72316188969674
166,166,1312.0,1296.4771341463415,819.564024390244,"(1282, 790, 1314, 848)",1,6,0,0.0,54.414937225737994,64.1270603480106,113.44868054920421
167,167,1384.0,1310.454479768786,872.1531791907514,"(1289, 852, 1337, 895)",1,12,1,0.07909604519774012,29.582000357799078,54.414937225737994,110.71914144584369
168,168,1344.0,1318.5677083333333,723.7269345238095,"(1296, 700, 1342, 745)",1,10,1,0.192090395480226,45.709267241051606,64.32257608064249,52.789230871559425
169,169,1677.0,1322.4418604651162,1502.2349433512225,"(1297, 1481, 1350, 1523)",1,20,0,0.0,110.80087924557337,125.08066882331356,40.7380434861847
170,170,1156.0,1328.2093425605535,954.6003460207612,"(1311, 935, 1348, 973)",0,0,0,0.0,80.29293256186068,84.33724249138072,20.512878234301585
171,171,1938.0,1358.7925696594427,702.0175438596491,"(1327, 679, 1385, 728)",1,15,1,0.16666666666666666,45.709267241051606,51.67824655217792,82.42741750326351
172,172,1561.0,1356.0435618193467,786.7437540038437,"(1332, 766, 1382, 809)",0,0,1,0.13736263736263737,42.07567723747413,54.96573899236363,136.17578704932208
173,173,137.0,1339.8832116788321,875.1605839416059,"(1333, 869, 1347, 882)",0,0,1,0.24489795918367346,29.582000357799078,45.61593752298886,124.00442475501146
174,174,1001.0,1362.88011988012,1186.4495504495505,"(1344, 1170, 1385, 1206)",3,26,0,0.0,139.9412704374767,142.64810268746075,132.00161795652656
175,175,1277.0,1369.1064996084574,840.1346906812843,"(1349, 819, 1389, 861)",1,16,0,0.0,45.61593752298886,54.96573899236363,126.41237770143768
176,176,2541.0,1381.3081463990554,1374.5836284927193,"(1351, 1345, 1410, 1407)",1,19,0,0.0,113.78301380585245,126.27531712185879,138.43317332252764
177,177,1303.0,1377.1297006907137,750.3330775134306,"(1352, 734, 1405, 769)",1,4,1,0.14619883040935672,42.07567723747413,51.67824655217792,129.14083351073347
178,178,1991.0,1396.9110999497739,2005.6494224008036,"(1368, 1982, 1426, 2030)",1,10,0,0.0,157.59728452034443,209.780926696168,160.68281541795142
179,179,1961.0,1406.9974502804691,990.2947475777664,"(1383, 967, 1434, 1019)",4,40,0,0.0,75.65581219845323,86.49656768102282,133.70023856048496
180,180,1315.0,1432.0372623574144,1061.686692015209,"(1412, 1041, 1450, 1084)",0,0,0,0.0,75.65581219845323,142.64810268746075,131.67234632250526
181,181,4256.0,1465.6047932330828,2428.464520676692,"(1414, 2390, 1515, 2461)",8,151,1,0.023872679045092837,53.32491443614173,179.20619308019658,114.088206725108
182,182,3079.0,1454.0789217278336,2376.4001299123092,"(1418, 2350, 1502, 2404)",4,54,1,0.036231884057971016,53.32491443614173,206.7823813344485,52.29524716360078
183,183,1934.0,1464.5770423991728,896.9451913133403,"(1436, 873, 1494, 919)",1,5,0,0.0,109.6793010705372,111.09481321294282,89.08810494235773
184,184,1674.0,1477.888888888889,1434.7395459976105,"(1445, 1417, 1511, 1454)",0,0,0,0.0,103.68578262512611,113.23023704512097,79.75334459342865
185,185,1418.0,1518.864598025388,1529.9851904090267,"(1502, 1504, 1541, 1556)",0,0,0,0.0,82.94247202650415,94.26899387730796,82.06186172584493
186,186,1707.0,1532.8816637375512,1768.0808435852373,"(1504, 1748, 1562, 1791)",0,0,1,0.050505050505050504,49.316151293023985,144.81293890096188,114.34750579377838
187,187,1820.0,1540.8873626373627,1816.7428571428572,"(1517, 1790, 1566, 1845)",0,0,1,0.05392156862745098,49.316151293023985,141.13626415437486,122.92611974533773
188,188,1984.0,1547.3377016129032,2052.6466733870966,"(1523, 2030, 1574, 2079)",2,60,0,0.0,67.2734084868572,157.59728452034443,146.78786171965578
189,189,1425.0,1563.7880701754386,1612.861754385965,"(1545, 1586, 1582, 1638)",1,22,0,0.0,94.26899387730796,116.64671345060954,44.76846492507946
190,190,2529.0,1590.0723606168447,2104.603005140372,"(1561, 2078, 1619, 2133)",0,0,0,0.0,67.2734084868572,126.4319346926968,153.33441393434225
191,191,1493.0,1586.8513060951104,1356.5304755525788,"(1564, 1330, 1609, 1383)",0,0,0,0.0,52.694992577095945,70.67380114494584,142.37999941120765
192,192,1403.0,1588.2031361368497,1409.208125445474,"(1567, 1391, 1614, 1431)",0,0,0,0.0,52.694992577095945,92.07881477317385,176.27319082824923
193,193,841.0,1596.5434007134363,1500.908442330559,"(1574, 1486, 1617, 1523)",1,21,0,0.0,82.94247202650415,92.07881477317385,105.32506351607931
194,194,1816.0,1628.5418502202642,1299.4631057268723,"(1604, 1276, 1654, 1325)",1,28,0,0.0,70.67380114494584,76.03099704563176,134.79533910764965
195,195,2954.0,1641.147257955315,2464.5159106296546,"(1609, 2436, 1675, 2494)",2,30,0,0.0,179.20619308019658,183.38817002726304,179.47313508079657
196,196,2206.0,1653.3735267452403,1687.7533998186764,"(1628, 1663, 1681, 1714)",1,27,0,0.0,116.76605921430581,120.42245797265784,154.58627990622986
197,197,1879.0,1662.9888238424694,2218.5848855774348,"(1633, 2200, 1694, 2238)",1,21,0,0.0,75.90046089799283,121.5195795262163,52.92528190350577
198,198,2111.0,1670.2354334438655,1873.2098531501658,"(1643, 1850, 1698, 1895)",2,31,0,0.0,141.13626415437486,171.41129005070275,169.6095431803618
199,199,1734.0,1669.3760092272203,1200.0657439446368,"(1649, 1172, 1691, 1227)",1,14,0,0.0,94.4310013522929,107.45819685381838,43.653749912024175
200,200,2025.0,1705.666172839506,2155.819259259259,"(1675, 2130, 1735, 2179)",2,42,0,0.0,75.90046089799283,96.99037978170085,88.43928490608359
201,201,1663.0,1703.708959711365,1288.034275405893,"(1679, 1266, 1730, 1311)",0,0,1,0.2074468085106383,39.41093784911145,76.03099704563176,173.891186036077
202,202,1305.0,1700.0896551724138,1389.5348659003832,"(1682, 1369, 1719, 1414)",2,48,0,0.0,101.5650985135932,106.5123530901497,125.94614232401824
203,203,1341.0,1743.0812826249069,1286.290082028337,"(1723, 1266, 1768, 1307)",2,24,1,0.2235294117647059,39.41093784911145,111.83812153196901,64.85637493895864
204,204,2878.0,1769.9701181375956,1717.866574009729,"(1737, 1690, 1799, 1753)",0,0,0,0.0,98.06770768130667,120.42245797265784,154.74997732655515
205,205,1811.0,1784.0358917725014,1455.0933186085035,"(1761, 1428, 1808, 1480)",1,11,0,0.0,98.98278902502234,99.90788515075732,55.6365507786178
206,206,1681.0,1784.3569303985723,2212.519333729923,"(1762, 2189, 1805, 2242)",1,27,0,0.0,96.99037978170085,111.53253519316334,81.89261704543523
207,207,1696.0,1789.6963443396226,2011.2216981132076,"(1767, 1986, 1815, 2036)",0,0,0,0.0,109.67399122022567,112.54926252940992,130.00390801266204
208,208,2142.0,1805.84360410831,1588.7553688141923,"(1783, 1557, 1829, 1620)",0,0,0,0.0,73.76972205580155,77.74470822937519,87.0314438921751
209,209,2581.0,1820.4393645873693,2503.0588919023635,"(1791, 2471, 1848, 2534)",0,0,0,0.0,178.85638062317764,183.38817002726304,87.28172978079196
210,210,2752.0,1837.1224563953488,1912.3321220930231,"(1809, 1884, 1868, 1942)",2,15,0,0.0,109.67399122022567,155.2697048795753,136.69400363913854
211,211,1703.0,1836.145038167939,2113.739283617146,"(1809, 2088, 1857, 2143)",2,83,0,0.0,111.53253519316334,112.54926252940992,127.95866964981606
212,212,2074.0,1849.6947926711669,2326.6113789778206,"(1820, 2303, 1878, 2353)",1,21,0,0.0,131.47635161960062,178.85638062317764,140.78709869945703
213,213,1982.0,1850.2865792129162,1529.8758829465187,"(1823, 1503, 1874, 1557)",6,143,0,0.0,73.76972205580155,92.8196719360027,163.09262282545552
214,214,2024.0,1866.3107707509882,1699.5429841897233,"(1842, 1671, 1895, 1723)",3,35,0,0.0,67.34090724371835,98.06770768130667,104.11218499359293
215,215,1743.0,1870.2380952380952,1632.31669535284,"(1848, 1602, 1895, 1663)",5,68,0,0.0,67.34090724371835,77.74470822937519,120.73401792195523
216,216,985.0,1882.243654822335,1442.7309644670052,"(1869, 1422, 1895, 1466)",0,0,0,0.0,92.8196719360027,98.98278902502234,62.68678071002612
217,217,1466.0,1915.275579809004,1312.2428376534788,"(1890, 1294, 1944, 1333)",1,7,0,0.0,90.75859107424009,134.6040835473719,139.21178356432412
218,218,3061.0,1950.6213655668082,1785.2865076772296,"(1919, 1753, 1983, 1818)",1,8,0,0.0,77.8289783865129,100.16814429049501,129.7392773520167
219,219,1232.0,1982.0089285714287,1856.5056818181818,"(1957, 1840, 2006, 1876)",0,0,0,0.0,77.8289783865129,101.44299064689494,179.11641608345468
220,220,1283.0,1989.6149649259548,1260.1777084957132,"(1970, 1238, 2009, 1285)",0,0,0,0.0,90.75859107424009,197.74368894871492,79.24910618414549
221,221,1944.0,1995.2798353909466,1695.624485596708,"(1974, 1666, 2016, 1726)",0,0,0,0.0,72.58763266798923,100.16814429049501,75.5556441030302
222,222,1839.0,2021.4834148994019,1949.953235454051,"(1995, 1927, 2051, 1973)",1,22,0,0.0,84.4546494207343,101.44299064689494,167.63118884471214
223,223,4058.0,2047.9499753573189,2625.9031542631838,"(2006, 2592, 2090, 2664)",3,25,0,0.0,258.5571325798025,358.9995601882875,28.112124958987437
224,224,1329.0,2050.1279157261097,1743.170805116629,"(2030, 1723, 2072, 1766)",0,0,0,0.0,72.58763266798923,78.81081174328814,153.14374589713077
225,225,3280.0,2070.2490853658537,2018.9060975609757,"(2033, 1991, 2107, 2046)",2,6,0,0.0,84.4546494207343,117.09452332158052,74.94008136242337
226,226,2390.0,2070.8489539748953,1440.465271966527,"(2039, 1416, 2105, 1467)",1,4,0,0.0,180.81006978600718,181.07557540180116,50.71432397705499
227,227,2632.0,2079.934650455927,1816.127659574468,"(2054, 1785, 2107, 1850)",3,16,0,0.0,78.81081174328814,105.92370691641216,90.18536529569286
228,228,2357.0,2113.037759864234,1616.5574883326262,"(2088, 1582, 2138, 1647)",3,57,0,0.0,59.60252073794823,141.38097636007942,84.78218685181439
229,229,2202.0,2144.9995458673934,1928.7756584922797,"(2116, 1905, 2174, 1953)",0,0,0,0.0,117.09452332158052,125.31849175310798,40.59998792302921
230,230,2005.0,2163.781546134663,1647.8229426433916,"(2139, 1622, 2189, 1673)",1,12,0,0.0,59.60252073794823,146.36377446358287,86.86015678763727
231,231,2292.0,2169.416230366492,2136.905322862129,"(2146, 2107, 2193, 2169)",1,18,0,0.0,122.84546833860537,154.1361080968701,89.3437014666551
232,232,1667.0,2233.618476304739,1519.1949610077984,"(2210, 1498, 2256, 1542)",1,16,0,0.0,99.16642489048765,145.58069667178566,59.59104577762507
233,233,3091.0,2269.1692009058556,1968.963118731802,"(2230, 1939, 2318, 1992)",1,6,0,0.0,88.08371221855764,130.51105391067034,103.62409209198887
234,234,1671.0,2262.5493716337523,2056.7977259126274,"(2239, 2036, 2288, 2079)",0,0,0,0.0,88.08371221855764,120.0454135871105,98.72465958000396
235,235,2638.0,2276.0504169825626,2989.3290371493554,"(2245, 2962, 2303, 3024)",2,19,0,0.0,389.32770759793516,429.0782956771696,67.09789965154008
236,236,1095.0,2320.1123287671235,1267.3972602739725,"(2305, 1246, 2340, 1286)",0,0,0,0.0,144.0001869120718,158.78089734225009,45.66894726311803
237,237,1586.0,2327.4148802017653,1551.3852459016393,"(2307, 1526, 2349, 1578)",1,19,0,0.0,60.24809652714282,70.39032190326031,51.886056177516444
238,238,1842.0,2334.584690553746,1728.2942453854505,"(2312, 1704, 2356, 1757)",3,31,0,0.0,100.61702225502904,108.81719588568515,85.53840793435634
239,239,1138.0,2343.719683655536,1619.8611599297012,"(2328, 1593, 2356, 1647)",1,5,0,0.0,57.87445504069702,70.39032190326031,54.990180916204686
240,240,1064.0,2344.0723684210525,1424.359962406015,"(2329, 1398, 2356, 1448)",0,0,0,0.0,71.27651997949935,87.9763344142766,13.439459509197695
241,241,1429.0,2371.9867039888036,1872.626312106368,"(2349, 1851, 2394, 1894)",0,0,0,0.0,94.20104056781992,129.20871730888916,47.929443789812964
242,242,2089.0,2382.141694590713,1576.5806606031595,"(2353, 1552, 2410, 1600)",1,13,0,0.0,57.87445504069702,60.24809652714282,73.12376290627887
243,243,1826.0,2379.5016429353777,2083.8729463307777,"(2359, 2054, 2400, 2112)",1,31,0,0.0,90.85900189717638,120.0454135871105,94.27667115734089
244,244,1632.0,2410.0049019607845,1510.7610294117646,"(2385, 1488, 2435, 1533)",4,51,0,0.0,58.78444699875212,71.47434627276306,118.69945624054141
245,245,1195.0,2406.5380753138074,1997.1297071129707,"(2388, 1974, 2427, 2022)",5,25,0,0.0,90.85900189717638,96.2168870813802,166.20533154953185
246,246,1120.0,2415.1267857142857,1418.7375,"(2392, 1400, 2436, 1434)",2,26,1,0.052980132450331126,24.946223238863702,68.80175165320152,80.003112469308
247,247,2898.0,2435.1997929606623,1728.9158040027605,"(2401, 1698, 2465, 1765)",5,38,0,0.0,62.903158947553024,90.13699175730238,34.93106129683592
248,248,1139.0,2437.122914837577,1351.3292361720808,"(2419, 1327, 2457, 1375)",4,74,0,0.0,46.842697405903735,70.90630246108493,6.542191337988992
249,249,75.0,2427.76,1397.2266666666667,"(2424, 1393, 2433, 1403)",0,0,1,0.23529411764705882,24.946223238863702,46.842697405903735,161.1044156207022
250,250,2512.0,2456.24601910828,1914.7476114649683,"(2431, 1879, 2480, 1948)",1,27,0,0.0,89.26533031665059,94.20104056781992,117.26091327475191
251,251,2586.0,2468.4930394431553,1504.8662026295437,"(2435, 1475, 2504, 1534)",3,67,0,0.0,58.78444699875212,63.0995969039618,105.89471951282205
252,252,2509.0,2479.6014348345952,1442.7520924671185,"(2445, 1421, 2518, 1466)",5,53,0,0.0,63.0995969039618,68.80175165320152,100.28913315393599
253,253,1992.0,2492.523092369478,1659.3549196787149,"(2464, 1633, 2526, 1683)",1,6,1,0.0958904109589041,41.94108667671522,52.76971308529281,145.2366122722982
254,254,1762.0,2495.7922814982976,1712.0232690124858,"(2465, 1692, 2525, 1734)",1,4,0,0.0,52.76971308529281,62.903158947553024,102.02603666251473
255,255,986.0,2487.30831643002,1571.0304259634888,"(2471, 1553, 2506, 1591)",0,0,0,0.0,53.340499884318355,58.97156250709383,70.66424774520284
256,256,1904.0,2499.2699579831933,2670.34768907563,"(2475, 2647, 2524, 2695)",2,22,0,0.0,146.9837623100874,389.32770759793516,157.6682077748592
257,257,1069.0,2493.9232927970065,1237.536950420954,"(2479, 1215, 2511, 1260)",5,64,0,0.0,100.77111286405291,127.18084459854842,39.61273827849779
258,258,1577.0,2507.7742549143945,395.19150285351935,"(2484, 372, 2532, 419)",5,47,1,0.13978494623655913,44.68386583682459,842.4593178244036,83.9277572995328
259,259,1697.0,2514.2569239835,1623.484384207425,"(2490, 1599, 2536, 1648)",0,0,1,0.11290322580645161,41.94108667671522,58.97156250709383,121.59630843539023
260,260,2036.0,2516.739685658153,1335.6910609037327,"(2491, 1302, 2538, 1366)",0,0,0,0.0,81.13804731209477,93.9615414374318,112.56820729140887
261,261,2429.0,2528.2993001235077,1862.053931659119,"(2494, 1836, 2557, 1895)",1,31,0,0.0,89.26533031665059,132.72987153234507,171.0594713085388
262,262,2186.0,2549.5942360475756,2010.328911253431,"(2520, 1983, 2577, 2040)",0,0,0,0.0,133.60267390661673,143.66378845703343,40.405664011420264
263,263,675.0,2540.1481481481483,1563.7392592592594,"(2528, 1546, 2554, 1581)",4,60,0,0.0,53.340499884318355,60.277967965841455,179.61110245140347
264,264,1819.0,2552.123694337548,400.64815832875206,"(2529, 377, 2578, 426)",2,20,1,0.13917525773195877,44.68386583682459,838.9100887872461,93.03613155761629
265,265,1546.0,2568.847347994825,1413.8803363518757,"(2543, 1395, 2595, 1434)",0,0,0,0.0,54.765707517630744,93.79984710531978,110.84389154312335
266,266,1401.0,2587.1413276231265,1624.5146324054247,"(2566, 1601, 2609, 1647)",0,0,2,0.19886363636363635,40.80557699523421,43.5435494919609,109.71655982162011
267,267,1515.0,2603.1419141914193,1456.5788778877888,"(2580, 1432, 2623, 1482)",0,0,0,0.0,54.765707517630744,98.57238332818883,139.2881882434703
268,268,1056.0,2599.8030303030305,1555.094696969697,"(2585, 1531, 2613, 1583)",2,16,1,0.05161290322580645,30.28978811148952,55.825654478386234,33.299293154940074
269,269,2158.0,2622.3327154772937,1650.1584800741427,"(2585, 1626, 2655, 1671)",3,27,2,0.13043478260869565,43.5435494919609,47.6778364829352,61.51462199152361
270,270,3520.0,2622.9801136363635,2590.975,"(2590, 2550, 2665, 2625)",3,25,0,0.0,146.9837623100874,376.6412726948442,106.91830058613424
271,271,58.0,2598.637931034483,1585.3620689655172,"(2595, 1581, 2603, 1590)",0,0,1,0.27586206896551724,30.28978811148952,34.74679474676047,118.10734620454711
272,272,1910.0,2628.634554973822,1602.8989528795812,"(2601, 1580, 2656, 1627)",0,0,2,0.17587939698492464,34.74679474676047,46.78595427412467,57.82880159905715
273,273,2462.0,2630.9370430544272,2170.4354183590576,"(2601, 2142, 2660, 2201)",1,10,0,0.0,163.05161243335468,179.5849266205769,106.38645569336208
274,274,1964.0,2646.311099796334,1801.3049898167005,"(2619, 1770, 2670, 1828)",1,17,1,0.2,49.09164837878713,118.3841416575558,44.942275616782425
275,275,2364.0,2693.6205583756346,1788.1975465313028,"(2664, 1761, 2723, 1816)",6,179,1,0.1902654867256637,49.09164837878713,86.67108535289762,179.8635461625107
276,276,959.0,2698.417101147028,1606.312825860271,"(2678, 1585, 2720, 1630)",0,0,0,0.0,69.86600231259763,80.41428188742104,172.48759129297937
277,277,1626.0,2704.7355473554735,1698.3419434194343,"(2681, 1671, 2733, 1723)",4,35,0,0.0,59.940684274334615,90.54044615871723,129.4671953529376
278,278,1531.0,2755.3363814500326,1666.2103200522533,"(2730, 1645, 2780, 1688)",0,0,0,0.0,51.9042886488946,59.940684274334615,159.41599957880248
279,279,2833.0,2773.744793505118,1927.7140840098834,"(2748, 1893, 2800, 1963)",6,73,0,0.0,78.95943013706912,79.13445505813503,90.50894635446647
280,280,1369.0,2777.08984660336,1764.8575602629658,"(2751, 1745, 2800, 1785)",5,62,0,0.0,86.67108535289762,98.28261241810881,58.214707890957555
281,281,1224.0,2778.5596405228757,1599.7075163398692,"(2756, 1576, 2803, 1627)",7,79,0,0.0,62.297369371601434,70.44105808101038,45.52507500119979
282,282,2149.0,2791.1154025127967,2057.3196835737554,"(2765, 2027, 2817, 2085)",0,0,0,0.0,73.2279110819962,83.27167090318414,155.31709707961406
283,283,1512.0,2791.2341269841268,2140.59126984127,"(2770, 2118, 2817, 2168)",0,0,0,0.0,83.27167090318414,129.32270169568758,114.54908455806235
284,284,551.0,2806.137931034483,1655.568058076225,"(2792, 1641, 2817, 1671)",2,40,0,0.0,51.9042886488946,62.297369371601434,75.55611777074137
285,285,2156.0,2821.600185528757,1990.7388682745825,"(2796, 1963, 2848, 2018)",0,0,0,0.0,72.92863413263716,73.2279110819962,107.528980576665
286,286,1405.0,2836.203558718861,1879.4078291814947,"(2810, 1861, 2862, 1895)",3,22,1,0.03571428571428571,50.40252124544613,77.48756139699667,82.99022987552739
287,287,2838.0,2889.9911909795633,3395.202959830867,"(2849, 3372, 2930, 3418)",5,66,0,0.0,181.56749493801593,274.3048464733076,19.708984651084073
288,288,1779.0,2877.9584035975267,1659.858347386172,"(2851, 1634, 2904, 1689)",6,116,0,0.0,71.94850145445695,116.1819115711713,27.761514446473672
289,289,1741.0,2877.5048822515796,1908.2975301550832,"(2852, 1884, 2902, 1932)",0,0,1,0.031413612565445025,50.40252124544613,87.12907764932609,61.96914394459595
290,290,1746.0,2888.3012600229094,3001.328178694158,"(2861, 2981, 2916, 3023)",4,45,0,0.0,167.6441100138097,274.75680476230866,128.2633054380655
291,291,1581.0,2888.034788108792,1821.8070841239721,"(2869, 1796, 2908, 1852)",1,7,0,0.0,77.48756139699667,87.12907764932609,35.040626179876675
292,292,1152.0,2893.9739583333335,1999.7178819444443,"(2876, 1981, 2911, 2022)",1,23,0,0.0,72.92863413263716,92.89193284821422,72.71565119778981
293,293,2045.0,2908.9432762836186,2194.1535452322737,"(2881, 2173, 2938, 2219)",1,8,0,0.0,129.32270169568758,180.5738450987166,24.800807084348232
294,294,2110.0,2909.818009478673,2835.070616113744,"(2885, 2806, 2935, 2866)",2,35,0,0.0,167.6441100138097,263.43581611977635,148.20625966390435
295,295,1843.0,2980.8388497015735,2377.860553445469,"(2956, 2356, 3010, 2403)",2,23,0,0.0,149.77475132480345,183.23967520206193,69.64687538428541
296,296,2074.0,2982.0241080038572,1902.8866923818707,"(2957, 1875, 3007, 1929)",4,41,0,0.0,104.65918840342495,124.12854276753284,43.74609012303097
297,297,2659.0,3052.723956374577,3314.674689732982,"(3021, 3282, 3084, 3347)",1,10,0,0.0,120.14817389214261,176.22334433667103,23.47472113239136
298,298,1924.0,3066.20841995842,2500.923596673597,"(3040, 2478, 3094, 2524)",2,20,0,0.0,101.31411052325782,118.46370879067538,13.799891714222952
299,299,2265.0,3076.2026490066223,2630.8291390728477,"(3048, 2603, 3104, 2659)",3,24,0,0.0,116.69447059103457,128.16355077800844,30.62686577124954
300,300,2431.0,3080.016454134101,2043.4454956807897,"(3056, 2007, 3104, 2080)",3,54,0,0.0,96.24438136493006,128.8877165305057,18.705505760563927
301,301,2033.0,3080.4102311854404,3197.7599606492868,"(3056, 3168, 3104, 3226)",2,36,0,0.0,81.54224899183902,120.14817389214261,120.58516378540189
302,302,1989.0,3097.0995475113123,2171.1960784313724,"(3074, 2147, 3124, 2199)",7,224,1,0.0297029702970297,48.74459029533104,59.69014733520568,123.00625458095666
303,303,1546.0,3122.6927554980593,2129.7108667529105,"(3098, 2109, 3149, 2148)",7,97,1,0.03409090909090909,48.74459029533104,95.44010810769271,31.633520610134077
304,304,1782.0,3122.6296296296296,2225.1509539842873,"(3104, 2197, 3143, 2255)",1,4,0,0.0,59.69014733520568,64.53342346391265,121.7805632552065
305,305,2906.0,3158.2794218857534,3173.5622849277356,"(3121, 3151, 3196, 3200)",3,33,0,0.0,81.54224899183902,126.88768264650055,164.5179863275618
306,306,1986.0,3158.324773413897,2332.302618328298,"(3134, 2304, 3186, 2356)",2,21,0,0.0,103.8595612826061,112.94079184011026,34.310255150505675
307,307,1478.0,3165.985791610284,2518.502706359946,"(3140, 2497, 3194, 2548)",2,14,1,0.2761904761904762,31.41644885755405,97.01864401458694,0.7429706161013574
308,308,1366.0,3174.6046852122986,2548.7137628111273,"(3154, 2527, 3194, 2574)",4,118,1,0.3216374269005848,31.41644885755405,65.60610125312269,178.9012546347618
309,309,2832.0,3186.7535310734465,2232.409604519774,"(3158, 2199, 3215, 2267)",3,37,0,0.0,64.53342346391265,103.8595612826061,80.57230319748545
310,310,2063.0,3191.390208434319,2612.136209403781,"(3163, 2589, 3223, 2637)",2,42,0,0.0,65.60610125312269,97.01864401458694,0.3557747491351743
311,311,865.0,3265.0034682080923,3104.929479768786,"(3249, 3082, 3278, 3123)",3,23,0,0.0,126.88768264650055,173.24924412747407,167.36546595006502
312,312,2631.0,3348.139110604333,2157.6187761307488,"(3322, 2125, 3376, 2192)",0,0,0,0.0,177.87347551458217,227.1671420706473,31.921115949638466
313,313,3603.0,3366.593116847072,3443.354149320011,"(3322, 3410, 3409, 3479)",3,48,0,0.0,339.2230139824222,340.8551680709817,30.034734055166822
314,314,2691.0,3427.6904496469715,3045.3623188405795,"(3394, 3020, 3460, 3074)",0,0,0,0.0,173.24924412747407,298.35806203973067,5.337573153172417
315,315,853.0,3558.192262602579,1433.6271981242674,"(3543, 1414, 3580, 1459)",1,39,0,0.0,78.60221641516445,231.5576693544803,81.0326343757543
316,316,1004.0,3622.8565737051795,1388.9412350597609,"(3607, 1369, 3640, 1412)",3,50,0,0.0,78.60221641516445,232.64400163468235,79.4717234496027
317,317,1452.0,3717.9187327823693,1601.2768595041323,"(3697, 1581, 3739, 1624)",3,106,1,0.024096385542168676,41.44853600757135,231.5576693544803,155.64172648025666
318,318,1045.0,3731.5875598086122,1640.4066985645934,"(3717, 1620, 3747, 1664)",9,330,1,0.0273972602739726,41.44853600757135,269.8586498438014,20.726252758013544
319,319,2646.0,3809.514739229025,2953.7161753590326,"(3778, 2926, 3845, 2985)",1,6,0,0.0,167.31396318895625,181.95613159825393,80.88242871707645
320,320,1311.0,3862.276125095347,2794.938977879481,"(3831, 2775, 3895, 2817)",2,21,0,0.0,108.13715044865498,147.07668639046494,16.598309370577955
321,321,1990.0,3953.6532663316584,3074.886432160804,"(3916, 3057, 3989, 3098)",1,20,0,0.0,98.4780671551238,134.87104512506073,147.27282257355975
322,322,1150.0,3964.1808695652176,2831.12,"(3935, 2814, 3995, 2850)",0,0,0,0.0,53.30790470520091,102.77267990048104,30.546648028998
323,323,2960.0,3989.097635135135,2983.008108108108,"(3951, 2957, 4028, 3009)",0,0,0,0.0,98.4780671551238,99.50546820739972,169.16167748740918
324,324,3559.0,3991.6403484124753,3369.0427086260183,"(3954, 3335, 4028, 3400)",3,24,0,0.0,162.41410413022015,163.66177644820948,93.46892141813859
325,325,2113.0,3980.8461902508284,3206.987695220066,"(3955, 3181, 4009, 3232)",3,67,0,0.0,134.87104512506073,162.41410413022015,172.1789222804735
326,326,963.0,3981.043613707165,2881.6905503634475,"(3961, 2868, 4003, 2898)",4,120,0,0.0,53.30790470520091,62.98770312481233,123.97724643626388
327,327,3046.0,4041.7298095863425,2898.5617202889034,"(4010, 2858, 4075, 2936)",6,89,0,0.0,62.98770312481233,99.50546820739972,73.6025931174119
328,328,1084.0,4051.3173431734317,2694.2555350553507,"(4031, 2677, 4074, 2713)",5,98,0,0.0,50.68867081327985,77.24977076379504,58.61144863106498
329,329,1833.0,4071.3235133660664,2770.2334969994545,"(4051, 2747, 4098, 2800)",1,7,2,0.233502538071066,35.382106042889106,58.41604145522639,101.1155461209788
330,330,1452.0,4087.3030303030305,2801.801652892562,"(4056, 2785, 4118, 2817)",5,74,1,0.22043010752688172,35.382106042889106,73.90039600266722,50.8631868446079
331,331,3437.0,4109.181553680535,3698.30026185627,"(4070, 3671, 4150, 3726)",1,7,0,0.0,272.7232652657547,302.9532184822367,40.030750385840946
332,332,1044.0,4096.323754789272,2670.9367816091954,"(4083, 2645, 4111, 2700)",8,167,0,0.0,50.68867081327985,66.76811847955696,80.99206117192888
333,333,1489.0,4117.378777703157,2734.298186702485,"(4086, 2715, 4146, 2753)",9,182,1,0.036458333333333336,58.41604145522639,66.76811847955696,109.58199926193352
334,334,1778.0,4155.299212598426,3368.066366704162,"(4131, 3329, 4187, 3405)",7,101,0,0.0,163.66177644820948,211.47570125203686,117.39599860976078
335,335,1768.0,4179.384615384615,3078.455882352941,"(4151, 3055, 4200, 3106)",0,0,0,0.0,124.31882894153941,175.95774233163698,125.50022256605807
336,336,2420.0,4214.698760330579,854.3330578512397,"(4183, 829, 4244, 883)",7,395,0,0.0,277.66409384245844,433.21420317450514,29.94078309937589
337,337,2738.0,4236.820672023375,2912.13623082542,"(4196, 2883, 4275, 2941)",1,13,0,0.0,135.96275744965044,175.95774233163698,81.47224929266288
338,338,2662.0,4251.485349361383,3179.7310293012774,"(4216, 3153, 4289, 3205)",2,18,0,0.0,124.31882894153941,192.4851565226361,141.43857418669347
339,339,1812.0,4252.623620309051,2668.8145695364237,"(4234, 2639, 4272, 2699)",4,269,0,0.0,150.26400623118118,151.09755101843925,106.62157840096317
340,340,3261.0,4354.620361852192,2780.291628334867,"(4327, 2744, 4382, 2817)",0,0,0,0.0,137.7229797661211,146.44710053080047,36.65497097865368
341,341,3281.0,4357.334044498629,2975.0838159097834,"(4329, 2936, 4392, 3010)",11,263,0,0.0,129.2194554732192,135.96275744965044,166.50315945924294
342,342,683.0,4355.4304538799415,3874.771595900439,"(4340, 3860, 4370, 3892)",3,58,0,0.0,128.12833470778233,152.04787573540895,56.697576837521275
343,343,502.0,4381.099601593625,3677.358565737052,"(4369, 3661, 4392, 3692)",1,27,0,0.0,124.80065804231877,199.07488445968607,93.6585667052324
344,344,995.0,4410.059296482412,657.0221105527638,"(4392, 638, 4430, 677)",2,205,0,0.0,237.28191420963464,277.66409384245844,114.32362587272749
345,345,1888.0,4420.747351694915,2659.482521186441,"(4395, 2635, 4446, 2683)",0,0,0,0.0,89.73962539293153,99.7542467241362,62.58778929605062
346,346,3305.0,4436.522844175492,3232.7561270801816,"(4400, 3205, 4476, 3260)",2,31,0,0.0,167.83850682331973,173.72534881442309,69.50556913534581
347,347,1036.0,4432.048262548263,3977.4681467181467,"(4414, 3958, 4454, 3995)",3,48,0,0.0,128.12833470778233,134.6934237615942,70.64270858781299
348,348,1913.0,4454.744380554103,3059.9890224777837,"(4426, 3033, 4482, 3081)",5,123,0,0.0,120.67460614037488,129.2194554732192,84.9719952376522
349,349,953.0,4487.721930745016,2719.211962224554,"(4465, 2706, 4512, 2732)",3,102,0,0.0,89.73962539293153,98.79974591583823,63.675061338966074
350,350,3115.0,4505.6330658105935,3685.520706260032,"(4466, 3656, 4538, 3720)",1,10,0,0.0,124.80065804231877,140.8608151899749,141.08505598957325
351,351,1294.0,4507.207109737249,3865.693972179289,"(4484, 3843, 4529, 3888)",1,10,0,0.0,134.6934237615942,152.04787573540895,52.65971457466573
352,352,966.0,4513.962732919254,2623.96066252588,"(4495, 2608, 4533, 2644)",0,0,0,0.0,97.46105367387082,98.79974591583823,133.70715109217562
353,353,2908.0,4525.757221458047,2962.42090784044,"(4495, 2930, 4562, 2995)",4,31,0,0.0,120.67460614037488,168.89853693231353,49.65211251748003
354,354,3063.0,4562.467841984982,3505.9258896506694,"(4522, 3478, 4600, 3532)",1,14,0,0.0,114.44235768800101,133.25469190376256,134.9589496505601
355,355,1122.0,4562.476827094474,1649.8279857397504,"(4538, 1633, 4587, 1666)",7,156,1,0.13836477987421383,36.53281805781741,345.7806421267616,119.4366810359343
356,356,2414.0,4563.609362054681,2471.351284175642,"(4538, 2445, 4590, 2499)",3,58,0,0.0,59.98486408871765,112.37441379511597,10.857207483444453
357,357,3129.0,4595.61744966443,3376.860338766379,"(4562, 3349, 4635, 3409)",0,0,0,0.0,133.25469190376256,178.43253180797228,162.3019972457116
358,358,1452.0,4590.398760330579,1626.2692837465565,"(4572, 1600, 4611, 1652)",8,186,1,0.12921348314606743,36.53281805781741,361.80927165254553,74.71685255242039
359,359,1970.0,4599.034517766498,3190.807106598985,"(4574, 3161, 4627, 3220)",8,194,0,0.0,42.2658133734041,97.84590084530348,71.35979865493049
360,360,1126.0,4593.264653641208,2523.492895204263,"(4575, 2506, 4611, 2544)",4,68,0,0.0,54.64420129797731,59.98486408871765,157.20956630832637
361,361,1669.0,4599.771120431396,2577.7483523067704,"(4581, 2550, 4620, 2609)",1,16,0,0.0,54.64420129797731,97.46105367387082,111.46637657909139
362,362,2770.0,4620.786281588447,3604.394223826715,"(4587, 3579, 4655, 3631)",1,19,0,0.0,114.44235768800101,140.8608151899749,94.52865881336541
363,363,1971.0,4628.71435819381,2263.150684931507,"(4596, 2241, 4659, 2282)",2,95,0,0.0,123.94827363191953,218.14249940782497,97.7775674492027
364,364,1834.0,4625.941112322792,3158.212104689204,"(4596, 3131, 4654, 3189)",0,0,0,0.0,42.2658133734041,67.84585060509815,175.0218874334744
365,365,1771.0,4626.788255223038,1989.5753811405984,"(4605, 1960, 4655, 2015)",4,180,0,0.0,90.41858394466814,120.97710549892894,60.09972594525418
366,366,1407.0,4632.471215351812,739.7000710732054,"(4611, 718, 4653, 764)",7,244,0,0.0,237.28191420963464,433.21420317450514,35.73559102789661
367,367,1761.0,4669.156729131176,4124.626348665531,"(4636, 4105, 4701, 4148)",1,11,0,0.0,241.45765017576667,279.0626476719653,115.55472523143749
368,368,1967.0,4673.509405185562,3109.835282155567,"(4648, 3085, 4699, 3136)",3,26,0,0.0,67.84585060509815,91.12671366213436,161.0396195470929
369,369,1728.0,4690.443287037037,3225.7106481481483,"(4661, 3207, 4716, 3252)",5,96,0,0.0,93.36264730579383,97.84590084530348,25.401504360248428
370,370,1931.0,4692.6406007250125,2051.5349559813567,"(4668, 2026, 4720, 2081)",1,6,0,0.0,90.41858394466814,109.1118465152533,73.97968989517562
371,371,1901.0,4742.57496054708,1954.519726459758,"(4719, 1924, 4773, 1977)",5,137,0,0.0,109.1118465152533,112.02275469331789,130.41889571065866
372,372,2745.0,4755.045901639344,3069.142805100182,"(4719, 3040, 4791, 3097)",1,31,0,0.0,91.12671366213436,146.07926985259246,174.67488090881258
373,373,1256.0,4750.9315286624205,2283.793789808917,"(4720, 2270, 4778, 2302)",5,77,0,0.0,123.94827363191953,143.7439968136531,164.38220012956603
374,374,2249.0,4773.2761227212095,3300.9977767896844,"(4743, 3272, 4807, 3334)",1,32,0,0.0,111.9349382747329,159.22471220950712,141.151194331208
375,375,3116.0,4777.18677792041,3827.999679075738,"(4747, 3795, 4812, 3868)",1,12,0,0.0,167.71391408861837,170.99268761269954,88.420412330295
376,376,3580.0,4786.93687150838,3657.2851955307265,"(4761, 3613, 4815, 3699)",0,0,0,0.0,113.71464137846179,170.99268761269954,113.12897359196718
377,377,3673.0,4797.864143751702,3458.3125510481896,"(4762, 3425, 4832, 3497)",0,0,0,0.0,150.0042444968058,159.22471220950712,87.91922154604347
378,378,879.0,4787.007963594994,4996.675767918089,"(4772, 4977, 4804, 5017)",2,175,0,0.0,148.91312536076288,402.5254085964861,83.72401222990644
379,379,1880.0,4851.645212765958,1928.9702127659575,"(4822, 1906, 4879, 1949)",5,48,0,0.0,112.02275469331789,125.77488742661185,167.2601113059354
380,380,970.0,4872.527835051546,3994.464948453608,"(4857, 3976, 4889, 4018)",4,224,0,0.0,176.96450929039304,191.83483282222056,53.91560370134118
381,381,1700.0,4893.88,2268.691764705882,"(4864, 2249, 4922, 2290)",1,18,0,0.0,143.7439968136531,212.88028887975787,179.14690329412136
382,382,1835.0,4893.888283378747,3618.65340599455,"(4864, 3599, 4927, 3638)",1,8,0,0.0,98.26795184302095,110.22295499418095,92.19806067288962
383,383,2397.0,4891.241551939925,3016.323320817689,"(4867, 2984, 4914, 3048)",7,150,0,0.0,74.5019613030288,108.1545295091097,60.10137492179939
384,384,2564.0,4917.003120124805,3148.6747269890798,"(4887, 3121, 4957, 3173)",0,0,0,0.0,107.42789058184843,113.12899180458912,25.224555508803707
385,385,1519.0,4931.208689927584,3264.9967083607635,"(4896, 3248, 4963, 3278)",1,6,0,0.0,117.18618333086864,131.48041725705292,75.56968584898173
386,386,3740.0,4944.827807486631,3832.9435828877004,"(4906, 3794, 4981, 3872)",2,126,0,0.0,110.01442003066057,157.84096177752195,83.87307565192069
387,387,944.0,4927.431144067797,5046.238347457627,"(4914, 5022, 4942, 5074)",4,69,0,0.0,148.91312536076288,413.6381570255999,75.30773447080193
388,388,1386.0,4956.523809523809,3527.95670995671,"(4932, 3508, 4980, 3549)",8,169,0,0.0,98.8330643769348,110.22295499418095,138.75106619311137
389,389,1090.0,4945.130275229358,3429.7825688073394,"(4934, 3402, 4958, 3461)",0,0,0,0.0,98.8330643769348,137.68610393788353,53.13052877122353
390,390,1117.0,4958.00805729633,3049.3804834377797,"(4944, 3025, 4972, 3076)",3,174,0,0.0,48.47941213382528,74.5019613030288,177.8794363686852
391,391,959.0,4961.671532846715,4634.019812304484,"(4947, 4617, 4981, 4653)",2,16,0,0.0,402.5254085964861,413.6381570255999,20.968253299291643
392,392,891.0,4972.54657687991,3677.5555555555557,"(4948, 3661, 4997, 3699)",2,44,0,0.0,77.35705560255138,98.26795184302095,94.68829342749402
393,393,1470.0,4977.416326530612,1927.995918367347,"(4952, 1908, 5004, 1952)",5,148,0,0.0,125.77488742661185,236.33446547792056,6.000042399093629
394,394,1104.0,4981.157608695652,2956.2192028985505,"(4963, 2937, 4999, 2979)",2,78,0,0.0,95.9944056791792,108.1545295091097,42.28463942243898
395,395,2262.0,5000.628205128205,3072.4840848806366,"(4980, 3040, 5023, 3108)",3,37,0,0.0,48.47941213382528,113.12899180458912,70.79789666691826
396,396,1514.0,5030.281373844122,2433.7998678996037,"(5005, 2406, 5059, 2464)",8,217,0,0.0,204.82642824921894,214.16353687496022,61.0237349149222
397,397,1031.0,5023.820562560621,3619.632395732299,"(5008, 3601, 5043, 3643)",1,16,0,0.0,68.96610191528266,77.35705560255138,179.61997519402033
398,398,1782.0,5053.630190796857,3217.0375982042647,"(5022, 3194, 5082, 3239)",4,48,0,0.0,131.48041725705292,152.7757788434082,47.97456034641647
399,399,1587.0,5054.575929426591,3840.593572778828,"(5028, 3821, 5081, 3864)",2,37,0,0.0,110.01442003066057,124.62933907439842,104.45919159776602
400,400,1017.0,5064.0688298918385,3499.1445427728613,"(5046, 3481, 5086, 3517)",6,163,0,0.0,58.15162228875545,68.73657596808104,122.17111717968645
401,401,1236.0,5069.189320388349,3567.690129449838,"(5047, 3550, 5089, 3589)",2,37,0,0.0,68.73657596808104,68.96610191528266,134.59237367658824
402,402,900.0,5094.011111111111,3722.367777777778,"(5080, 3704, 5111, 3739)",1,9,0,0.0,124.42375910512148,124.62933907439842,127.21190792800093
403,403,2508.0,5105.225677830941,2243.17663476874,"(5088, 2196, 5120, 2291)",10,238,0,0.0,204.82642824921894,212.88028887975787,61.65369337949031
404,404,549.0,5108.657559198543,4117.420765027322,"(5095, 4105, 5120, 4134)",1,46,0,0.0,266.2243029008536,282.0604847315115,51.439209113059924
405,405,654.0,5110.848623853211,3464.6009174311926,"(5097, 3445, 5120, 3490)",4,118,0,0.0,58.15162228875545,111.18850300189631,31.552621154332172
